﻿{"name":"Power BI Thema","icons":[],"dataColors":["#143048","#254C6A","#7B95A6","#403522","#736346","#F2C811","#F2C811","#F2C811","#3599B8","#DFBFBF","#4AC5BB","#5F6B6D","#FB8281","#F4D25A","#7F898A","#A4DDEE","#FDAB89","#B687AC","#28738A","#A78F8F","#168980","#293537","#BB4A4A","#B59525","#475052","#6A9FB0","#BD7150","#7B4F71","#1B4D5C","#706060","#0F5C55","#1C2325"],"tableAccent":"#E6E6E6","good":"#1AAB40","neutral":"#D9B300","bad":"#D64554","maximum":"#118DFF","center":"#D9B300","minimum":"#DEEFFF","foreground":"#252423","foregroundNeutralSecondary":"#666666","backgroundLight":"#F3F2F1","foregroundNeutralTertiary":"#B3B0AD","background":"#FFFFFF","backgroundNeutral":"#C8C6C4","textClasses":{"callout":{"fontFace":"DIN","color":"#666666","fontSize":24},"title":{"fontFace":"DIN","color":"#666666","fontSize":12},"header":{"fontFace":"Calibri","color":"#666666","fontSize":12},"label":{"fontFace":"Calibri","color":"#666666","fontSize":8},"smallLightLabel":{"color":"#666666","fontSize":8},"largeLightLabel":{"color":"#666666","fontSize":12},"boldLabel":{"fontFace":"Segoe UI Bold"},"lightLabel":{"color":"#666666"},"smallLabel":{"fontSize":8},"largeLabel":{"fontSize":12},"semiboldLabel":{"fontFace":"Segoe UI Semibold"},"largeTitle":{"fontSize":14}},"visualStyles":{"*":{"*":{"background":[{"color":{"solid":{"color":"#FFFFFF"}},"transparency":0,"show":true}],"border":[{"color":{"solid":{"color":"#FFFFFF"}},"show":true,"radius":5,"transparency":100}],"visualHeader":[{"background":{"solid":{"color":"#FFFFFF"}},"foreground":{"solid":{"color":"#254C6A"}},"transparency":0,"border":{"solid":{"color":"#FFFFFF"}}}],"visualTooltip":[{"titleFontColor":{"solid":{"color":"#666666"}},"valueFontColor":{"solid":{"color":"#666666"}},"actionFontColor":{"solid":{"color":"#666666"}},"background":{"solid":{"color":"#FFFFFF"}}}],"outspace":[{"color":{"solid":{"color":"#FFFFFF"}},"transparency":0,"image":{"name":"","url":"","scaling":"Normal"}}],"title":[{"show":true,"heading":"Normal","titleWrap":true,"fontColor":{"solid":{"color":"#254C6A"}},"background":{"solid":{"color":"#FFFFFF"}},"alignment":"left","fontSize":10,"fontFamily":"Calibri","bold":true,"italic":false,"underline":false}],"outspacePane":[{"backgroundColor":{"solid":{"color":"#FFFFFF"}},"transparency":0,"foregroundColor":{"solid":{"color":"#666666"}},"titleSize":12,"headerSize":9,"fontFamily":"Segoe UI","border":true,"borderColor":{"solid":{"color":"#B3B0AD"}},"width":200,"checkboxAndApplyColor":{"solid":{"color":"#F2C811"}},"searchTextSize":10,"inputBoxColor":{"solid":{"color":"#FFFFFF"}}}],"filterCard":[{"$id":"Available","foregroundColor":{"solid":{"color":"#666666"}},"backgroundColor":{"solid":{"color":"#FFFFFF"}},"textSize":8,"fontFamily":"Segoe UI","transparency":0,"border":true,"borderColor":{"solid":{"color":"#C8C8C8"}},"inputBoxColor":{"solid":{"color":"#FFFFFF"}}},{"$id":"Applied","foregroundColor":{"solid":{"color":"#252423"}},"backgroundColor":{"solid":{"color":"#FFFFFF"}},"textSize":9,"fontFamily":"Segoe UI","transparency":0,"border":true,"borderColor":{"solid":{"color":"#C8C8C8"}},"inputBoxColor":{"solid":{"color":"#FFFFFF"}}}],"dropShadow":[{"show":false,"color":{"solid":{"color":"#706F6F"}}}],"*":[{"responsive":true,"wordWrap":true,"fontFamily":"Calibri"}],"labels":[{"show":true,"labelOrientation":1,"color":{"solid":{"color":"#666666"}},"fontSize":8,"fontFamily":"Segoe UI","labelPrecision":1}],"categoryAxis":[{"showAxisTitle":false}],"valueAxis":[{"showAxisTitle":false}]}},"page":{"*":{"settings":[{"allowUseAsTooltip":false,"allowQnA":false}],"background":[{"color":{"solid":{"color":{"expr":{"ThemeDataColor":{"ColorId":4,"Percent":0}}}}},"transparency":0,"image":{"name":"","url":"","scaling":"Normal"}}],"displayArea":[{"type":"16:9","height":720,"width":1280,"verticalAlignment":"Top"}],"outspace":[{"color":{"solid":{"color":"#FFFFFF"}},"transparency":0,"image":{"name":"","url":"","scaling":"Normal"}}],"outspacePane":[{"backgroundColor":{"solid":{"color":"#FFFFFF"}},"transparency":0,"foregroundColor":{"solid":{"color":"#666666"}},"titleSize":8,"headerSize":9,"fontFamily":"Segoe UI","border":true,"borderColor":{"solid":{"color":"#B3B0AD"}},"width":200,"checkboxAndApplyColor":{"solid":{"color":"#F2C811"}},"searchTextSize":10,"inputBoxColor":{"solid":{"color":"#FFFFFF"}}}],"filterCard":[{"$id":"Available","foregroundColor":{"solid":{"color":"#666666"}},"backgroundColor":{"solid":{"color":"#FFFFFF"}},"textSize":9,"fontFamily":"Segoe UI","transparency":0,"border":true,"borderColor":{"solid":{"color":"#C8C8C8"}},"inputBoxColor":{"solid":{"color":"#FFFFFF"}}},{"$id":"Applied","foregroundColor":{"solid":{"color":"#252423"}},"backgroundColor":{"solid":{"color":"#FFFFFF"}},"textSize":9,"fontFamily":"Segoe UI","transparency":0,"border":true,"borderColor":{"solid":{"color":"#C8C8C8"}},"inputBoxColor":{"solid":{"color":"#FFFFFF"}}}]}},"basicShape":{"*":{"line":[{"lineColor":{"solid":{"color":"#FFFFFF"}},"transparency":0,"weight":1,"roundEdge":10}],"fill":[{"show":true},{"fillColor":{"solid":{"color":"#FFFFFF"}}}],"border":[{"show":false,"radius":10,"color":{"solid":{"color":"#ffffff"}},"transparency":100}],"background":[{"show":false}]}},"image":{"*":{"dropShadow":[{"show":false}]}},"textbox":{"*":{"*":[{"fontSize":8,"fontFamily":"Calibri","color":{"solid":{"color":"#666666"}}}],"title":[{"show":true,"heading":"Normal","titleWrap":true,"fontColor":{"solid":{"color":"#666666"}},"background":{"solid":{"color":"#FFFFFF"}},"alignment":"left","fontSize":12,"fontFamily":"Calibri","bold":false,"italic":false,"underline":false}],"subTitle":[{"show":false,"heading":"Normal","fontFamily":"Segoe UI","fontSize":10,"bold":false,"italic":false,"underline":false,"fontColor":{"solid":{"color":"#605e5c"}},"alignment":"left","titleWrap":true}],"divider":[{"show":false,"color":{"solid":{"color":"#605E5C"}},"style":"solid","width":1,"ignorePadding":true}],"spacing":[{"customizeSpacing":false,"verticalSpacing":5,"spaceBelowTitle":5,"spaceBelowSubTitle":5,"spaceBelowTitleArea":5}],"background":[{"show":true,"color":{"solid":{"color":"#FFFFFF"}},"transparency":0}],"lockAspect":[{"show":false}],"border":[{"show":true,"radius":5,"color":{"solid":{"color":"#FFFFFF"}},"transparency":0}],"dropShadow":[{"show":false}],"visualHeader":[{"show":false,"background":{"solid":{"color":"#FFFFFF"}},"border":{"solid":{"color":"#FFFFFF"}},"transparency":0,"foreground":{"solid":{"color":"#254C6A"}},"showVisualInformationButton":true,"showVisualWarningButton":true,"showVisualErrorButton":true,"showDrillRoleSelector":true,"showDrillUpButton":true,"showDrillToggleButton":true,"showDrillDownLevelButton":true,"showDrillDownExpandButton":true,"showPinButton":true,"showFocusModeButton":true,"showFilterRestatementButton":true,"showSeeDataLayoutToggleButton":true,"showOptionsMenu":true,"showTooltipButton":false,"showCommentButton":false,"showPersonalizeVisualButton":false,"showSmartNarrativeButton":false}],"visualHeaderTooltip":[{"titleFontColor":{"solid":{"color":"#C8C8C8"}},"fontSize":9,"fontFamily":"Segoe UI","bold":false,"italic":false,"underline":false,"background":{"solid":{"color":"#333333"}},"transparency":5}],"visualTooltip":[{"show":false,"type":"Canvas","fontSize":12,"fontFamily":"Segoe UI","bold":false,"italic":false,"underline":false,"transparency":5,"page":"Auto"}]}},"actionButton":{"*":{"text":[{"$id":"default","fontColor":{"solid":{"color":"#004B98"}},"horizontalAlignment":"left","fontFamily":"Calibri"},{"$id":"hover","fontColor":{"solid":{"color":"#004B98"}},"horizontalAlignment":"left","fontFamily":"Calibri"},{"$id":"selected","fontColor":{"solid":{"color":"#004B98"}},"horizontalAlignment":"left","fontFamily":"Calibri"},{"$id":"disabled","fontColor":{"solid":{"color":"#004B98"}},"horizontalAlignment":"left","fontFamily":"Calibri"},{"show":false}],"icon":[{"$id":"default","lineColor":{"solid":{"color":"#FFFFFF"}},"lineWeight":2,"iconSize":20},{"$id":"hover","lineColor":{"solid":{"color":"#004B98"}}},{"$id":"selected","lineColor":{"solid":{"color":"#004B98"}}},{"$id":"disabled","lineColor":{"solid":{"color":"#004B98"}}},{"show":true}],"outline":[{"$id":"default","roundEdge":0,"lineColor":{"solid":{"color":"#0D6ABF"}},"weight":1,"transparency":0},{"$id":"hover","roundEdge":0,"lineColor":{"solid":{"color":{"expr":{"ThemeDataColor":{"ColorId":3,"Percent":0}}}}},"weight":1,"transparency":0},{"$id":"selected","roundEdge":0,"lineColor":{"solid":{"color":"#0D6ABF"}},"weight":1,"transparency":0},{"$id":"disabled","roundEdge":0,"lineColor":{"solid":{"color":"#0D6ABF"}},"weight":1,"transparency":0},{"show":false}],"fill":[{"$id":"default","image":{"name":"","url":"","scaling":"Normal"},"fillColor":{"solid":{"color":{"expr":{"ThemeDataColor":{"ColorId":3,"Percent":0}}}}},"transparency":0},{"$id":"hover","image":{"name":"","url":"","scaling":"Normal"},"fillColor":{"solid":{"color":{"expr":{"ThemeDataColor":{"ColorId":3,"Percent":0}}}}},"transparency":0},{"$id":"selected","image":{"name":"","url":"","scaling":"Normal"},"fillColor":{"solid":{"color":{"expr":{"ThemeDataColor":{"ColorId":3,"Percent":0}}}}},"transparency":0},{"$id":"disabled","image":{"name":"","url":"","scaling":"Normal"},"fillColor":{"solid":{"color":{"expr":{"ThemeDataColor":{"ColorId":3,"Percent":0}}}}},"transparency":0},{"show":true}],"shadow":[{"$id":"default","color":{"solid":{"color":"#000000"}},"transparency":0,"shadowBlur":0,"shadowPositionPreset":"bottomRight","angle":45,"shadowDistance":50},{"$id":"hover","color":{"solid":{"color":"#000000"}},"transparency":0,"shadowBlur":0,"shadowPositionPreset":"bottomRight","angle":45,"shadowDistance":50},{"$id":"selected","color":{"solid":{"color":"#000000"}},"transparency":0,"shadowBlur":0,"shadowPositionPreset":"bottomRight","angle":45,"shadowDistance":50},{"$id":"disabled","color":{"solid":{"color":"#000000"}},"transparency":0,"shadowBlur":0,"shadowPositionPreset":"bottomRight","angle":45,"shadowDistance":50},{"show":false}],"glow":[{"$id":"default","color":{"solid":{"color":"#118DFF"}},"transparency":0,"shadowBlur":40},{"$id":"hover","color":{"solid":{"color":"#118DFF"}},"transparency":0,"shadowBlur":40},{"$id":"selected","color":{"solid":{"color":"#118DFF"}},"transparency":0,"shadowBlur":40},{"$id":"disabled","color":{"solid":{"color":"#118DFF"}},"transparency":0,"shadowBlur":40},{"show":false}],"title":[{"show":false,"heading":"Normal","titleWrap":true,"fontColor":{"solid":{"color":"#252423"}},"background":{"solid":{"color":"#FFFFFF"}},"alignment":"left","fontSize":14,"fontFamily":"Segoe UI","bold":false,"italic":false,"underline":false}],"subTitle":[{"show":false,"heading":"Normal","fontFamily":"Segoe UI","fontSize":10,"bold":false,"italic":false,"underline":false,"fontColor":{"solid":{"color":"#605e5c"}},"alignment":"left","titleWrap":true}],"divider":[{"show":false,"color":{"solid":{"color":"#605E5C"}},"style":"solid","width":1,"ignorePadding":true}],"spacing":[{"customizeSpacing":false,"verticalSpacing":5,"spaceBelowTitle":5,"spaceBelowSubTitle":5,"spaceBelowTitleArea":5}],"background":[{"show":false}],"lockAspect":[{"show":false}],"border":[{"color":{"solid":{"color":{"expr":{"ThemeDataColor":{"ColorId":3,"Percent":0}}}}},"show":true,"radius":5}],"dropShadow":[{"show":false}],"visualTooltip":[{"show":false,"type":"Canvas","fontSize":12,"fontFamily":"Segoe UI","bold":false,"italic":false,"underline":false,"transparency":5,"page":"Auto"}],"visualHeader":[{"show":false,"background":{"solid":{"color":"#FFFFFF"}},"border":{"solid":{"color":"#FFFFFF"}},"transparency":0,"foreground":{"solid":{"color":"#254C6A"}},"showVisualInformationButton":true,"showVisualWarningButton":true,"showVisualErrorButton":true,"showDrillRoleSelector":true,"showDrillUpButton":true,"showDrillToggleButton":true,"showDrillDownLevelButton":true,"showDrillDownExpandButton":true,"showPinButton":true,"showFocusModeButton":true,"showFilterRestatementButton":true,"showSeeDataLayoutToggleButton":true,"showOptionsMenu":true,"showTooltipButton":false,"showCommentButton":false,"showPersonalizeVisualButton":false,"showSmartNarrativeButton":false}],"visualHeaderTooltip":[{"titleFontColor":{"solid":{"color":"#C8C8C8"}},"fontSize":9,"fontFamily":"Segoe UI","bold":false,"italic":false,"underline":false,"background":{"solid":{"color":"#333333"}},"transparency":5}]}},"card":{"*":{"labels":[{"color":{"solid":{"color":"#666666"}},"fontSize":20}],"categoryLabels":[{"show":true,"color":{"solid":{"color":"#004B98"}},"fontSize":10,"bold":true}],"dropShadow":[{"show":false}]}},"slicer":{"*":{"selection":[{"selectAllCheckboxEnabled":true,"singleSelect":false}],"header":[{"show":false}],"items":[{"fontColor":{"solid":{"color":"#666666"}},"textSize":8,"fontFamily":"Calibri"}],"slider":[{"color":{"solid":{"color":"#A8A8A7"}}}],"dropShadow":[{"show":false}]}},"lineChart":{"*":{"general":[{"responsive":false,"keepLayerOrder":false}],"legend":[{"show":true,"position":"Top","labelColor":{"solid":{"color":"#666666"}},"fontFamily":"Calibri","fontSize":8,"matchLineColor":true}],"categoryAxis":[{"show":true,"axisType":"Categorical","labelColor":{"solid":{"color":{"expr":{"ThemeDataColor":{"ColorId":3,"Percent":0}}}}},"preferredCategoryWidth":30,"maxMarginFactor":30,"concatenateLabels":false,"showAxisTitle":false,"fontSize":8,"fontFamily":"Calibri","bold":true}],"valueAxis":[{"show":false}],"y2Axis":[{"show":false,"secScaleType":"Linear","secLabelColor":{"solid":{"color":"#605E5C"}},"secFontSize":9,"secFontFamily":"Segoe UI","secBold":false,"secItalic":false,"secUnderline":false,"secLabelDisplayUnits":0,"secLabelPrecision":0,"secShowAxisTitle":false,"secTitleStyle":"showTitleOnly","secTitleColor":{"solid":{"color":"#252423"}},"secTitleFontSize":12,"secTitleFontFamily":"wf_standard-font, helvetica, arial, sans-serif","secTitleBold":false,"secTitleItalic":false,"secTitleUnderline":false}],"zoom":[{"show":false,"showOnCategoryAxis":true,"showOnValueAxis":true,"showLabels":false,"showTooltip":false}],"dataPoint":[{"showAllDataPoints":false,"fill":{"solid":{"color":"#118DFF"}}}],"labels":[{"show":true,"enableBackground":false,"fontSize":8,"color":{"solid":{"color":{"expr":{"ThemeDataColor":{"ColorId":3,"Percent":0}}}}},"fontFamily":"Calibri","labelPrecision":1,"bold":true}],"seriesLabels":[{"show":false,"seriesPosition":"Right","seriesFontFamily":"Segoe UI","textSize":9,"bold":false,"italic":false,"underline":false,"seriesColor":{"solid":{"color":"#777777"}},"seriesWordWrap":false,"enableBackground":false,"backgroundColor":{"solid":{"color":"#000000"}},"backgroundTransparency":0}],"lineStyles":[{"strokeWidth":2,"showMarker":false,"lineStyle":"solid"}],"plotArea":[{"image":{"name":"","url":"","scaling":"Normal"},"transparency":0}],"title":[{"show":true,"heading":"Normal","titleWrap":true,"fontColor":{"solid":{"color":{"expr":{"ThemeDataColor":{"ColorId":3,"Percent":0}}}}},"background":{"solid":{"color":"#FFFFFF"}},"alignment":"left","fontSize":10,"fontFamily":"Calibri","bold":true,"italic":false,"underline":false}],"subTitle":[{"show":false,"heading":"Normal","fontFamily":"Segoe UI","fontSize":10,"bold":false,"italic":false,"underline":false,"fontColor":{"solid":{"color":"#605e5c"}},"alignment":"left","titleWrap":true}],"divider":[{"show":true,"color":{"solid":{"color":{"expr":{"ThemeDataColor":{"ColorId":3,"Percent":0}}}}},"style":"solid","width":1,"ignorePadding":true}],"spacing":[{"customizeSpacing":false,"verticalSpacing":5,"spaceBelowTitle":5,"spaceBelowSubTitle":5,"spaceBelowTitleArea":5}],"background":[{"show":true,"color":{"solid":{"color":"#FFFFFF"}},"transparency":0}],"lockAspect":[{"show":false}],"dropShadow":[{"show":false,"color":{"solid":{"color":"#252423"}},"position":"Outer","preset":"BottomRight","shadowSpread":3,"shadowBlur":10,"angle":45,"shadowDistance":10,"transparency":70}],"visualTooltip":[{"show":false,"type":"Canvas","fontSize":12,"fontFamily":"Segoe UI","bold":false,"italic":false,"underline":false,"transparency":5,"page":"Auto"}],"visualHeader":[{"show":true,"showVisualInformationButton":true,"showVisualWarningButton":true,"showVisualErrorButton":true,"showDrillRoleSelector":true,"showDrillUpButton":true,"showDrillToggleButton":true,"showDrillDownLevelButton":true,"showDrillDownExpandButton":true,"showPinButton":true,"showFocusModeButton":true,"showFilterRestatementButton":true,"showSeeDataLayoutToggleButton":true,"showOptionsMenu":true,"showTooltipButton":false,"showCommentButton":false,"showPersonalizeVisualButton":false,"showSmartNarrativeButton":false}],"visualHeaderTooltip":[{"titleFontColor":{"solid":{"color":"#C8C8C8"}},"fontSize":9,"fontFamily":"Segoe UI","bold":false,"italic":false,"underline":false,"background":{"solid":{"color":"#333333"}},"transparency":5}]}},"tableEx":{"*":{"background":[{"show":true,"color":{"solid":{"color":"#FFFFFF"}},"transparency":0}],"border":[{"color":{"solid":{"color":"#FFFFFF"}},"show":true,"radius":10}],"title":[{"show":true,"fontColor":{"solid":{"color":"#004B98"}},"background":{"solid":{"color":"#FFFFFF"}},"alignment":"left"}],"grid":[{"gridVertical":true,"gridVerticalColor":{"solid":{"color":"#E6E6E6"}},"gridVerticalWeight":1,"gridHorizontal":true,"gridHorizontalColor":{"solid":{"color":"#E6E6E6"}},"gridHorizontalWeight":1,"rowPadding":5,"outlineColor":{"solid":{"color":"#E6E6E6"}},"outlineWeight":1,"textSize":10,"imageHeight":75}],"columnHeaders":[{"fontColor":{"solid":{"color":"#666666"}},"backColor":{"solid":{"color":"#FFFFFF"}},"autoSizeColumnWidth":true,"fontFamily":"Calibri","fontSize":8,"alignment":"Left","wordWrap":true,"bold":true}],"values":[{"fontColorPrimary":{"solid":{"color":"#666666"}},"backColorPrimary":{"solid":{"color":"#FFFFFF"}},"fontColorSecondary":{"solid":{"color":"#666666"}},"backColorSecondary":{"solid":{"color":"#E6E6E6"}},"wordWrap":true,"fontFamily":"Calibri","fontSize":8}],"total":[{"totals":true,"fontColor":{"solid":{"color":"#666666"}},"backColor":{"solid":{"color":"#FFFFFF"}},"fontFamily":"Calibri","fontSize":8}],"stylePreset":[{"name":"Minimal"}]}},"pivotTable":{"*":{"background":[{"show":true,"color":{"solid":{"color":"#FFFFFF"}},"transparency":0}],"border":[{"color":{"solid":{"color":"#FFFFFF"}},"show":true,"radius":10}],"title":[{"show":true,"fontColor":{"solid":{"color":"#666666"}},"background":{"solid":{"color":"#FFFFFF"}},"alignment":"left"}],"stylePreset":[{"name":"Minimal"}],"grid":[{"gridVertical":true,"gridVerticalColor":{"solid":{"color":"#E6E6E6"}},"gridVerticalWeight":1,"gridHorizontal":true,"gridHorizontalColor":{"solid":{"color":"#E6E6E6"}},"gridHorizontalWeight":1,"rowPadding":5,"outlineColor":{"solid":{"color":"#E6E6E6"}},"outlineWeight":1,"textSize":10,"imageHeight":75}],"columnHeaders":[{"fontColor":{"solid":{"color":"#666666"}},"backColor":{"solid":{"color":"#FFFFFF"}},"autoSizeColumnWidth":true,"fontFamily":"Calibri","fontSize":8,"alignment":"Left","wordWrap":true,"bold":true}],"rowHeaders":[{"fontColor":{"solid":{"color":"#666666"}},"backColor":{"solid":{"color":"#FFFFFF"}},"stepped":true,"steppedLayoutIndentation":12,"wordWrap":true,"fontFamily":"Calibri","fontSize":8,"alignment":"Left","showExpandCollapseButtons":true}],"values":[{"fontColorPrimary":{"solid":{"color":"#666666"}},"backColorPrimary":{"solid":{"color":"#FFFFFF"}},"fontColorSecondary":{"solid":{"color":"#666666"}},"backColorSecondary":{"solid":{"color":"#E6E6E6"}},"bandedRowHeaders":true,"valuesOnRow":true,"wordWrap":true,"fontFamily":"Calibri","fontSize":8}],"subTotals":[{"rowSubtotals":false,"columnSubtotals":false,"fontColor":{"solid":{"color":"#666666"}},"fontFamily":"Calibri","backColor":{"solid":{"color":"#FFFFFF"}},"fontSize":8,"applyToHeaders":true,"rowSubtotalsPosition":"Bottom","perRowLevel":true,"perColumnLevel":true}],"total":[{"show":true,"fontColor":{"solid":{"color":"#666666"}},"fontFamily":"Calibri","backColor":{"solid":{"color":"#FFFFFF"}},"applyToHeaders":true,"fontSize":8}]}},"barChart":{"*":{"general":[{"responsive":true,"keepLayerOrder":false}],"legend":[{"show":true,"position":"Top","showTitle":false,"labelColor":{"solid":{"color":"#666666"}},"fontFamily":"Calibri","fontSize":8}],"valueAxis":[{"show":false,"axisScale":"linear","labelColor":{"solid":{"color":"#666666"}},"fontSize":8,"fontFamily":"Calibri","showAxisTitle":false,"gridlineShow":true,"gridlineColor":{"solid":{"color":"#E6E6E6"}},"gridlineThickness":1,"gridlineStyle":"dashed"}],"categoryAxis":[{"show":true,"position":"Right","labelColor":{"solid":{"color":"#666666"}},"fontSize":8,"fontFamily":"Calibri","preferredCategoryWidth":30,"maxMarginFactor":30,"innerPadding":22,"showAxisTitle":false}],"zoom":[{"show":false,"showOnCategoryAxis":true,"showOnValueAxis":true,"showLabels":false,"showTooltip":false}],"dataPoint":[{"showAllDataPoints":false,"fill":{"solid":{"color":"#118DFF"}}}],"labels":[{"show":false,"color":{"solid":{"color":"#666666"}},"fontSize":8,"fontFamily":"Calibri","enableBackground":true,"backgroundColor":{"solid":{"color":"#FFFFFF"}},"backgroundTransparency":30,"labelPrecision":1}],"totals":[{"show":true,"color":{"solid":{"color":"#666666"}},"labelDisplayUnits":0,"labelPrecision":1,"fontSize":8,"fontFamily":"Segoe UI","enableBackground":false,"backgroundColor":{"solid":{"color":"#FFFFFF"}},"backgroundTransparency":0,"showPositiveAndNegative":true}],"plotArea":[{"image":{"name":"","url":"","scaling":"Normal"},"transparency":0}],"title":[{"show":true,"heading":"Normal","titleWrap":true,"fontColor":{"solid":{"color":{"expr":{"ThemeDataColor":{"ColorId":3,"Percent":0}}}}},"background":{"solid":{"color":"#FFFFFF"}},"alignment":"left","fontSize":10,"fontFamily":"Calibri","bold":true,"italic":false,"underline":false}],"subTitle":[{"show":false,"heading":"Normal","fontFamily":"Segoe UI","fontSize":10,"bold":false,"italic":false,"underline":false,"fontColor":{"solid":{"color":"#605e5c"}},"alignment":"left","titleWrap":true}],"divider":[{"show":true,"color":{"solid":{"color":{"expr":{"ThemeDataColor":{"ColorId":3,"Percent":0}}}}},"style":"solid","width":1,"ignorePadding":false}],"spacing":[{"customizeSpacing":false,"verticalSpacing":5,"spaceBelowTitle":5,"spaceBelowSubTitle":5,"spaceBelowTitleArea":5}],"background":[{"show":true,"color":{"solid":{"color":"#FFFFFF"}},"transparency":0}],"lockAspect":[{"show":false}],"dropShadow":[{"show":false,"color":{"solid":{"color":"#252423"}},"position":"Outer","preset":"BottomRight","shadowSpread":3,"shadowBlur":10,"angle":45,"shadowDistance":10,"transparency":70}],"visualTooltip":[{"show":false,"type":"Canvas","fontSize":12,"fontFamily":"Segoe UI","bold":false,"italic":false,"underline":false,"transparency":5,"page":"Auto"}],"visualHeader":[{"show":true,"background":{"solid":{"color":"#FFFFFF"}},"border":{"solid":{"color":"#FFFFFF"}},"transparency":0,"foreground":{"solid":{"color":{"expr":{"ThemeDataColor":{"ColorId":3,"Percent":0}}}}},"showVisualInformationButton":true,"showVisualWarningButton":true,"showVisualErrorButton":true,"showDrillRoleSelector":true,"showDrillUpButton":true,"showDrillToggleButton":true,"showDrillDownLevelButton":true,"showDrillDownExpandButton":true,"showPinButton":true,"showFocusModeButton":true,"showFilterRestatementButton":true,"showSeeDataLayoutToggleButton":true,"showOptionsMenu":true,"showTooltipButton":false,"showCommentButton":false,"showPersonalizeVisualButton":false,"showSmartNarrativeButton":false}],"visualHeaderTooltip":[{"titleFontColor":{"solid":{"color":"#C8C8C8"}},"fontSize":9,"fontFamily":"Segoe UI","bold":false,"italic":false,"underline":false,"background":{"solid":{"color":"#333333"}},"transparency":5}]}},"scatterChart":{"*":{"legend":[{"show":true,"position":"Top","showTitle":false,"labelColor":{"solid":{"color":"#666666"}},"fontFamily":"Calibri","fontSize":8}],"categoryAxis":[{"show":true,"axisScale":"linear","labelColor":{"solid":{"color":"#666666"}},"fontSize":8,"fontFamily":"Calibri","showAxisTitle":false,"color":{"solid":{"color":"706F6F"}},"gridlineShow":true,"gridlineColor":{"solid":{"color":"#E6E6E6"}},"gridlineThickness":2,"gridlineStyle":"dotted"}],"valueAxis":[{"show":true,"position":"Right","axisScale":"linear","labelColor":{"solid":{"color":"#666666"}},"fontSize":8,"fontFamily":"Calibri","showAxisTitle":false,"color":{"solid":{"color":"706F6F"}},"gridlineShow":true,"gridlineColor":{"solid":{"color":"#E6E6E6"}},"gridlineThickness":2,"gridlineStyle":"dotted"}],"categoryLabels":[{"show":true,"color":{"solid":{"color":"#666666"}},"fontSize":8,"fontFamily":"Calibri","enableBackground":false}]}},"shapeMap":{"*":{"legend":[{"show":true,"position":"Top","showTitle":true,"legendColor":{"solid":{"color":"#666666"}},"fontFamily":"Calibri","fontSize":8}],"shape":[{"projectionEnum":"mercator"}],"zoom":[{"autoZoom":true,"selectionZoom":true,"manualZoom":true}]}},"decompositionTreeVisual":{"*":{"categoryLabels":[{"categoryLabelFontColor":{"solid":{"color":"#666666"}},"categoryLabelFontFamily":"Calibri","categoryLabelFontSize":10}],"analysis":[{"aiEnabled":true,"aiMode":"relative"}],"tree":[{"accentColor":{"solid":{"color":"#004B98"}},"connectorDefaultColor":{"solid":{"color":"#706F6F"}},"connectorType":"round","density":"sparse"}],"dataBars":[{"dataBarBackgroundColor":{"solid":{"color":"#E6E6E6"}},"dataBarScalingType":"parentNode","dataBarWidthPercent":120,"negativeBarColor":{"solid":{"color":"#706F6F"}},"positiveBarColor":{"solid":{"color":"#004B98"}}}],"dataLabels":[{"dataLabelFontColor":{"solid":{"color":"#666666"}},"dataLabelFontFamily":"Calibri","dataLabelFontSize":8}],"levelHeader":[{"levelHeaderBackgroundColor":{"solid":{"color":"#FFFFFF"}},"levelSubtitleFontColor":{"solid":{"color":"#666666"}},"levelSubtitleFontFamily":"Calibri","levelSubtitleFontSize":12,"levelTitleFontColor":{"solid":{"color":"#666666"}},"levelTitleFontFamily":"Calibri","levelTitleFontSize":14}]}},"kpi":{"*":{"indicator":[{"indicatorDisplayUnits":0,"indicatorPrecision":1,"fontSize":24,"fontFamily":"Calibri","bold":true,"italic":false,"underline":false,"fontColor":{"solid":{"color":{"expr":{"ThemeDataColor":{"ColorId":3,"Percent":0}}}}},"horizontalAlignment":"center","verticalAlignment":"middle","iconSize":8}],"trendline":[{"show":false,"transparency":0}],"goals":[{"showGoal":true,"showDistance":true,"goalFontColor":{"solid":{"color":"#666666"}},"goalFontFamily":"Calibri","fontSize":8,"distanceLabel":"Value, percent","labelPrecision":1,"distanceFontColor":{"solid":{"color":"#666666"}},"distanceFontFamily":"Segoe UI","titleFontSize":8}],"status":[{"direction":"Positive","goodColor":{"solid":{"color":"#1AAB40"}},"neutralColor":{"solid":{"color":"#D9B300"}},"badColor":{"solid":{"color":"#D64554"}}}],"lastDate":[{"show":false,"lastDateFontColor":{"solid":{"color":"#252423"}},"lastDateFontFamily":"Segoe UI","fontSize":9}],"title":[{"show":false,"heading":"Normal","titleWrap":true,"fontColor":{"solid":{"color":"#252423"}},"background":{"solid":{"color":"#FFFFFF"}},"alignment":"left","fontSize":14,"fontFamily":"Segoe UI","bold":false,"italic":false,"underline":false}],"subTitle":[{"show":false,"heading":"Normal","fontFamily":"Segoe UI","fontSize":10,"bold":false,"italic":false,"underline":false,"fontColor":{"solid":{"color":"#605e5c"}},"alignment":"left","titleWrap":true}],"divider":[{"show":false,"color":{"solid":{"color":"#605E5C"}},"style":"solid","width":1,"ignorePadding":true}],"spacing":[{"customizeSpacing":false,"verticalSpacing":5,"spaceBelowTitle":5,"spaceBelowSubTitle":5,"spaceBelowTitleArea":5}],"background":[{"show":false,"color":{"solid":{"color":"#FFFFFF"}},"transparency":0}],"lockAspect":[{"show":false}],"dropShadow":[{"show":false}],"visualHeader":[{"show":true,"background":{"solid":{"color":"#FFFFFF"}},"border":{"solid":{"color":"#FFFFFF"}},"transparency":0,"foreground":{"solid":{"color":"#254C6A"}},"showVisualInformationButton":false,"showVisualWarningButton":false,"showVisualErrorButton":false,"showDrillRoleSelector":false,"showDrillUpButton":false,"showDrillToggleButton":false,"showDrillDownLevelButton":false,"showDrillDownExpandButton":false,"showPinButton":false,"showFocusModeButton":false,"showFilterRestatementButton":true,"showSeeDataLayoutToggleButton":false,"showOptionsMenu":false,"showTooltipButton":false,"showCommentButton":false,"showPersonalizeVisualButton":false,"showSmartNarrativeButton":false}],"visualHeaderTooltip":[{"titleFontColor":{"solid":{"color":"#C8C8C8"}},"fontSize":9,"fontFamily":"Segoe UI","bold":false,"italic":false,"underline":false,"background":{"solid":{"color":"#333333"}},"transparency":5}],"visualTooltip":[{"show":false,"type":"Canvas","fontSize":12,"fontFamily":"Segoe UI","bold":false,"italic":false,"underline":false,"transparency":5,"page":"Auto"}]}},"columnChart":{"*":{"general":[{"responsive":true,"keepLayerOrder":false}],"legend":[{"show":true,"position":"Top","showTitle":false,"labelColor":{"solid":{"color":"#666666"}},"fontFamily":"Calibri","fontSize":8,"bold":false,"italic":false,"underline":false}],"categoryAxis":[{"position":"Left","show":true,"axisType":"Scalar","axisScale":"linear","invertAxis":false,"labelColor":{"solid":{"color":"#666666"}},"fontSize":8,"fontFamily":"Calibri","bold":true,"italic":false,"underline":false,"labelDisplayUnits":0,"labelPrecision":0,"preferredCategoryWidth":20,"maxMarginFactor":25,"innerPadding":20,"concatenateLabels":false,"showAxisTitle":false,"titleColor":{"solid":{"color":{"expr":{"ThemeDataColor":{"ColorId":3,"Percent":0}}}}},"titleFontSize":12,"titleFontFamily":"wf_standard-font, helvetica, arial, sans-serif","titleBold":true,"titleItalic":false,"titleUnderline":false,"gridlineShow":false,"gridlineColor":{"solid":{"color":"#F3F2F1"}},"gridlineThickness":1,"gridlineStyle":"dotted"}],"valueAxis":[{"position":"Left","gridlineShow":true,"show":false,"axisScale":"linear","invertAxis":false,"labelColor":{"solid":{"color":"#605E5C"}},"fontSize":10,"fontFamily":"Segoe UI","bold":false,"italic":false,"underline":false,"switchAxisPosition":false,"labelDisplayUnits":0,"labelPrecision":0,"showAxisTitle":true,"axisStyle":"showTitleOnly","titleColor":{"solid":{"color":"#252423"}},"titleFontSize":12,"titleFontFamily":"wf_standard-font, helvetica, arial, sans-serif","titleBold":false,"titleItalic":false,"titleUnderline":false,"gridlineColor":{"solid":{"color":"#F3F2F1"}},"gridlineThickness":1,"gridlineStyle":"dotted"}],"zoom":[{"show":false,"showOnCategoryAxis":true,"showOnValueAxis":true,"showLabels":false,"showTooltip":false}],"dataPoint":[{"showAllDataPoints":false,"fill":{"solid":{"color":"#118DFF"}}}],"labels":[{"color":{"solid":{"color":"#605E5C"}},"labelDisplayUnits":0,"labelPrecision":0,"fontSize":10,"fontFamily":"Segoe UI","bold":false,"italic":false,"underline":false,"show":false,"labelOrientation":1,"labelPosition":"Auto","labelOverflow":false,"labelDensity":50,"enableBackground":false,"backgroundColor":{"solid":{"color":"#FFFFFF"}},"backgroundTransparency":90}],"totals":[{"show":true,"color":{"solid":{"color":"#666666"}},"labelDisplayUnits":0,"labelPrecision":1,"fontSize":8,"fontFamily":"Calibri","enableBackground":false,"backgroundColor":{"solid":{"color":"#252423"}},"backgroundTransparency":90,"showPositiveAndNegative":false}],"plotArea":[{"image":{"name":"","url":"","scaling":"Normal"},"transparency":0}],"title":[{"show":true,"heading":"Normal","titleWrap":true,"fontColor":{"solid":{"color":{"expr":{"ThemeDataColor":{"ColorId":3,"Percent":0}}}}},"background":{"solid":{"color":"#FFFFFF"}},"alignment":"left","fontSize":10,"fontFamily":"Calibri","bold":true,"italic":false,"underline":false}],"subTitle":[{"show":false,"heading":"Normal","fontFamily":"Segoe UI","fontSize":10,"bold":false,"italic":false,"underline":false,"fontColor":{"solid":{"color":"#605e5c"}},"alignment":"left","titleWrap":true}],"divider":[{"show":true,"color":{"solid":{"color":{"expr":{"ThemeDataColor":{"ColorId":3,"Percent":0}}}}},"style":"solid","width":1,"ignorePadding":true}],"spacing":[{"customizeSpacing":false,"verticalSpacing":5,"spaceBelowTitle":5,"spaceBelowSubTitle":5,"spaceBelowTitleArea":5}],"background":[{"show":true,"color":{"solid":{"color":"#FFFFFF"}},"transparency":0}],"lockAspect":[{"show":false}],"dropShadow":[{"show":false,"color":{"solid":{"color":"#252423"}},"position":"Outer","preset":"BottomRight","shadowSpread":3,"shadowBlur":10,"angle":45,"shadowDistance":10,"transparency":70}],"visualTooltip":[{"show":false,"type":"Canvas","fontSize":12,"fontFamily":"Segoe UI","bold":false,"italic":false,"underline":false,"transparency":5,"page":"Auto"}],"visualHeader":[{"show":true,"background":{"solid":{"color":"#FFFFFF"}},"border":{"solid":{"color":"#FFFFFF"}},"transparency":0,"foreground":{"solid":{"color":{"expr":{"ThemeDataColor":{"ColorId":3,"Percent":0}}}}},"showVisualInformationButton":true,"showVisualWarningButton":true,"showVisualErrorButton":true,"showDrillRoleSelector":true,"showDrillUpButton":true,"showDrillToggleButton":true,"showDrillDownLevelButton":true,"showDrillDownExpandButton":true,"showPinButton":true,"showFocusModeButton":true,"showFilterRestatementButton":true,"showSeeDataLayoutToggleButton":true,"showOptionsMenu":true,"showTooltipButton":false,"showCommentButton":false,"showPersonalizeVisualButton":false,"showSmartNarrativeButton":false}],"visualHeaderTooltip":[{"titleFontColor":{"solid":{"color":"#C8C8C8"}},"fontSize":9,"fontFamily":"Segoe UI","bold":false,"italic":false,"underline":false,"background":{"solid":{"color":"#333333"}},"transparency":5}]}},"shape":{"*":{"fill":[{"show":true},{"$id":"default","image":{"name":"","url":"","scaling":"Normal"},"fillColor":{"solid":{"color":"#118DFF"}},"transparency":0}],"outline":[{"show":true},{"$id":"default","roundEdge":0,"lineColor":{"solid":{"color":"#0D6ABF"}},"weight":1,"transparency":0}],"text":[{"show":false},{"$id":"default","text":"","fontColor":{"solid":{"color":"#FFFFFF"}},"fontSize":10,"fontFamily":"Segoe UI","bold":false,"italic":false,"underline":false,"verticalAlignment":"middle","horizontalAlignment":"center","rightMargin":0,"leftMargin":0,"topMargin":0,"bottomMargin":0}],"shape":[{"tileShape":"rectangle","roundEdge":0,"linecapType":"flat"}],"shadow":[{"show":false},{"$id":"default","color":{"solid":{"color":"#000000"}},"transparency":0,"shadowBlur":0,"shadowPositionPreset":"bottomRight","angle":45,"shadowDistance":50}],"glow":[{"show":false},{"$id":"default","color":{"solid":{"color":"#118DFF"}},"transparency":0,"shadowBlur":40}],"rotation":[{"angle":0,"shapeAngle":0,"textAngle":0}],"title":[{"show":false,"heading":"Normal","titleWrap":true,"fontColor":{"solid":{"color":"#252423"}},"background":{"solid":{"color":"#FFFFFF"}},"alignment":"left","fontSize":14,"fontFamily":"Segoe UI","bold":false,"italic":false,"underline":false}],"subTitle":[{"show":false,"heading":"Normal","fontFamily":"Segoe UI","fontSize":10,"bold":false,"italic":false,"underline":false,"fontColor":{"solid":{"color":"#605e5c"}},"alignment":"left","titleWrap":true}],"divider":[{"show":false,"color":{"solid":{"color":"#605E5C"}},"style":"solid","width":1,"ignorePadding":true}],"spacing":[{"customizeSpacing":false,"verticalSpacing":5,"spaceBelowTitle":5,"spaceBelowSubTitle":5,"spaceBelowTitleArea":5}],"background":[{"show":false}],"lockAspect":[{"show":false}],"dropShadow":[{"show":false,"color":{"solid":{"color":"#252423"}},"position":"Outer","preset":"BottomRight","shadowSpread":3,"shadowBlur":10,"angle":45,"shadowDistance":10,"transparency":70}],"visualTooltip":[{"show":false,"type":"Canvas","fontSize":12,"fontFamily":"Segoe UI","bold":false,"italic":false,"underline":false,"transparency":5,"page":"Auto"}],"visualHeader":[{"show":true,"showVisualInformationButton":true,"showVisualWarningButton":true,"showVisualErrorButton":true,"showDrillRoleSelector":true,"showDrillUpButton":true,"showDrillToggleButton":true,"showDrillDownLevelButton":true,"showDrillDownExpandButton":true,"showPinButton":true,"showFocusModeButton":true,"showFilterRestatementButton":true,"showSeeDataLayoutToggleButton":true,"showOptionsMenu":true,"showTooltipButton":false,"showCommentButton":false,"showPersonalizeVisualButton":false,"showSmartNarrativeButton":false}],"visualHeaderTooltip":[{"titleFontColor":{"solid":{"color":"#C8C8C8"}},"fontSize":9,"fontFamily":"Segoe UI","bold":false,"italic":false,"underline":false,"background":{"solid":{"color":"#333333"}},"transparency":5}]}},"rdlVisual":{"*":{"toolbar":[{"show":false,"paramButton":false}],"autoFilter":[{"autoFilter":false}],"title":[{"show":false,"heading":"Normal","titleWrap":true,"fontColor":{"solid":{"color":"#252423"}},"background":{"solid":{"color":"#FFFFFF"}},"alignment":"left","fontSize":14,"fontFamily":"Segoe UI","bold":false,"italic":false,"underline":false}],"subTitle":[{"show":false,"heading":"Normal","fontFamily":"Segoe UI","fontSize":10,"bold":false,"italic":false,"underline":false,"fontColor":{"solid":{"color":"#605e5c"}},"alignment":"left","titleWrap":true}],"divider":[{"show":false,"color":{"solid":{"color":"#605E5C"}},"style":"solid","width":1,"ignorePadding":true}],"spacing":[{"customizeSpacing":false,"verticalSpacing":5,"spaceBelowTitle":5,"spaceBelowSubTitle":5,"spaceBelowTitleArea":5}],"background":[{"show":false}],"lockAspect":[{"show":false}],"dropShadow":[{"show":false,"color":{"solid":{"color":"#252423"}},"position":"Outer","preset":"BottomRight","shadowSpread":3,"shadowBlur":10,"angle":45,"shadowDistance":10,"transparency":70}],"visualTooltip":[{"show":false,"type":"Canvas","fontSize":12,"fontFamily":"Segoe UI","bold":false,"italic":false,"underline":false,"transparency":5,"page":"Auto"}],"visualHeader":[{"show":true,"showVisualInformationButton":true,"showVisualWarningButton":true,"showVisualErrorButton":true,"showDrillRoleSelector":true,"showDrillUpButton":true,"showDrillToggleButton":true,"showDrillDownLevelButton":true,"showDrillDownExpandButton":true,"showPinButton":true,"showFocusModeButton":true,"showFilterRestatementButton":true,"showSeeDataLayoutToggleButton":true,"showOptionsMenu":true,"showTooltipButton":false,"showCommentButton":false,"showPersonalizeVisualButton":false,"showSmartNarrativeButton":false}],"visualHeaderTooltip":[{"titleFontColor":{"solid":{"color":"#C8C8C8"}},"fontSize":9,"fontFamily":"Segoe UI","bold":false,"italic":false,"underline":false,"background":{"solid":{"color":"#333333"}},"transparency":5}]}},"cardVisual":{"*":{"shapeCustomRectangle":[{"$id":"default","tileShape":"rectangle","rectangleRoundedCurve":23,"rectangleRoundedCurveCustomStyle":false,"rectangleRoundedCurveLeftTop":2,"rectangleRoundedCurveRightTop":2,"rectangleRoundedCurveLeftBottom":2,"rectangleRoundedCurveRightBottom":2,"tabCutCornerSnipSizeTop":11,"tabCutCornerSnipSizeBottom":11,"tabCutCornerSnipSizeCustomStyle":false,"tabCutCornerSnipSizeLeftTop":2,"tabCutCornerSnipSizeRightTop":2,"tabCutCornerSnipSizeLeftBottom":2,"tabCutCornerSnipSizeRightBottom":2}],"value":[{"show":true},{"$id":"default","fontColor":{"solid":{"color":{"expr":{"ThemeDataColor":{"ColorId":3,"Percent":0}}}}},"fontFamily":"Calibri","bold":true,"italic":false,"underline":false,"fontSize":18,"transparency":0,"horizontalAlignment":"center","textWrap":false,"labelDisplayUnits":0,"labelPrecision":0,"showBlankAs":"--"}],"label":[{"$id":"default","show":true,"fontColor":{"solid":{"color":{"expr":{"ThemeDataColor":{"ColorId":3,"Percent":0}}}}},"fontFamily":"Calibri","bold":true,"italic":false,"underline":false,"fontSize":8,"transparency":0,"position":"belowValue","textWrap":false,"alignBaselines":true}],"spacing":[{"$id":"default","verticalSpacing":8},{"customizeSpacing":false,"verticalSpacing":5,"spaceBelowTitle":5,"spaceBelowSubTitle":5,"spaceBelowTitleArea":5}],"layout":[{"alignment":"left","orientation":2,"cellPadding":5,"rowCount":1,"columnCount":1}],"padding":[{"$id":"default","paddingSelection":"Wide"}],"fillCustom":[{"show":false},{"$id":"default","image":{"name":"","url":"","scaling":"Normal"},"fillColor":{"solid":{"color":"#FFFFFF"}},"transparency":0,"imageTransparency":0}],"outline":[{"show":false},{"$id":"default","lineColor":{"solid":{"color":"#666666"}},"weight":1,"transparency":0}],"shadowCustom":[{"show":false},{"$id":"default","color":{"solid":{"color":"#000000"}},"position":"Outer","shadowPositionPreset":"bottomRight","shadowSpread":3,"shadowBlur":10,"angle":45,"shadowDistance":10,"transparency":70}],"glowCustom":[{"show":false},{"$id":"default","color":{"solid":{"color":"#000000"}},"position":"Outer","glowPositionPreset":"bottomRight","glowSpread":3,"shadowBlur":10,"angle":45,"glowDistance":10,"transparency":70}],"image":[{"show":false},{"$id":"default","transparency":0,"position":"Top","padding":0,"size":0,"altText":""}],"accentBar":[{"show":false},{"$id":"default","width":0,"color":{"solid":{"color":"#000000"}},"position":"Top","transparency":0}],"title":[{"show":false,"heading":"Normal","titleWrap":true,"fontColor":{"solid":{"color":"#252423"}},"background":{"solid":{"color":"#FFFFFF"}},"alignment":"left","fontSize":14,"fontFamily":"Segoe UI","bold":false,"italic":false,"underline":false}],"subTitle":[{"show":false,"heading":"Normal","fontFamily":"Segoe UI","fontSize":10,"bold":false,"italic":false,"underline":false,"fontColor":{"solid":{"color":"#605e5c"}},"alignment":"left","titleWrap":true}],"divider":[{"show":true,"color":{"solid":{"color":{"expr":{"ThemeDataColor":{"ColorId":3,"Percent":0}}}}},"style":"solid","width":1,"ignorePadding":true}],"background":[{"show":true,"color":{"solid":{"color":"#FFFFFF"}},"transparency":0}],"border":[{"color":{"solid":{"color":{"expr":{"ThemeDataColor":{"ColorId":4,"Percent":0}}}}},"show":true,"radius":5}],"dropShadow":[{"show":false,"color":{"solid":{"color":"#252423"}},"position":"Outer","preset":"BottomRight","shadowSpread":3,"shadowBlur":10,"angle":45,"shadowDistance":10,"transparency":70}],"visualHeader":[{"show":true,"showVisualInformationButton":true,"showVisualWarningButton":true,"showVisualErrorButton":true,"showDrillRoleSelector":true,"showDrillUpButton":true,"showDrillToggleButton":true,"showDrillDownLevelButton":true,"showDrillDownExpandButton":true,"showPinButton":true,"showFocusModeButton":true,"showFilterRestatementButton":true,"showSeeDataLayoutToggleButton":true,"showOptionsMenu":true,"showTooltipButton":false,"showCommentButton":false,"showPersonalizeVisualButton":false,"showSmartNarrativeButton":false}],"visualHeaderTooltip":[{"titleFontColor":{"solid":{"color":"#C8C8C8"}},"fontSize":9,"fontFamily":"Segoe UI","bold":false,"italic":false,"underline":false,"background":{"solid":{"color":"#333333"}},"transparency":5}],"visualTooltip":[{"show":false,"type":"Canvas","fontSize":12,"fontFamily":"Segoe UI","bold":false,"italic":false,"underline":false,"transparency":5,"page":"Auto"}]}},"map":{"*":{"legend":[{"show":true,"position":"Top","showTitle":true,"labelColor":{"solid":{"color":"#605E5C"}},"fontFamily":"Calibri","fontSize":8,"bold":false,"italic":false,"underline":false}],"dataPoint":[{"showAllDataPoints":false,"fill":{"solid":{"color":{"expr":{"ThemeDataColor":{"ColorId":3,"Percent":0}}}}}}],"categoryLabels":[{"enableBackground":true,"backgroundColor":{"solid":{"color":"#252423"}},"backgroundTransparency":50,"show":false,"color":{"solid":{"color":"#FFFFFF"}},"fontSize":9,"fontFamily":"Segoe UI","bold":false,"italic":false,"underline":false}],"bubbles":[{"bubbleSize":-10,"markerRangeType":"auto"}],"mapControls":[{"autoZoom":true,"showZoomButtons":false,"showLassoButton":false,"geocodingCulture":"","zoomLevel":4,"centerLatitude":53.55,"centerLongitude":9.99}],"mapStyles":[{"mapTheme":"canvasLight","showLabels":true}],"heatMap":[{"show":false,"filterRadius":10,"unit":"pixels","transparency":0,"color0":{"solid":{"color":"#108CFF"}},"color":{"solid":{"color":"#0B5EAB"}},"color100":{"solid":{"color":"#052F56"}}}],"title":[{"show":true,"heading":"Normal","titleWrap":true,"fontColor":{"solid":{"color":{"expr":{"ThemeDataColor":{"ColorId":3,"Percent":0}}}}},"background":{"solid":{"color":"#FFFFFF"}},"alignment":"left","fontSize":10,"fontFamily":"Calibri","bold":true,"italic":false,"underline":false}],"subTitle":[{"show":false,"heading":"Normal","fontFamily":"Segoe UI","fontSize":10,"bold":false,"italic":false,"underline":false,"fontColor":{"solid":{"color":"#605e5c"}},"alignment":"left","titleWrap":true}],"divider":[{"show":true,"color":{"solid":{"color":{"expr":{"ThemeDataColor":{"ColorId":3,"Percent":0}}}}},"style":"solid","width":1,"ignorePadding":true}],"spacing":[{"customizeSpacing":false,"verticalSpacing":5,"spaceBelowTitle":5,"spaceBelowSubTitle":5,"spaceBelowTitleArea":5}],"background":[{"show":true,"color":{"solid":{"color":"#FFFFFF"}},"transparency":0}],"lockAspect":[{"show":false}],"dropShadow":[{"show":false,"color":{"solid":{"color":"#252423"}},"position":"Outer","preset":"BottomRight","shadowSpread":3,"shadowBlur":10,"angle":45,"shadowDistance":10,"transparency":70}],"visualTooltip":[{"show":false,"type":"Canvas","fontSize":12,"fontFamily":"Segoe UI","bold":false,"italic":false,"underline":false,"transparency":5,"page":"Auto"}],"visualHeader":[{"show":true,"showVisualInformationButton":true,"showVisualWarningButton":true,"showVisualErrorButton":true,"showDrillRoleSelector":true,"showDrillUpButton":true,"showDrillToggleButton":true,"showDrillDownLevelButton":true,"showDrillDownExpandButton":true,"showPinButton":true,"showFocusModeButton":true,"showFilterRestatementButton":true,"showSeeDataLayoutToggleButton":true,"showOptionsMenu":true,"showTooltipButton":false,"showCommentButton":false,"showPersonalizeVisualButton":false,"showSmartNarrativeButton":false}],"visualHeaderTooltip":[{"titleFontColor":{"solid":{"color":"#C8C8C8"}},"fontSize":9,"fontFamily":"Segoe UI","bold":false,"italic":false,"underline":false,"background":{"solid":{"color":"#333333"}},"transparency":5}]}},"donutChart":{"*":{"legend":[{"show":false,"position":"Top","showTitle":true,"labelColor":{"solid":{"color":"#605E5C"}},"fontFamily":"Segoe UI","fontSize":10,"bold":false,"italic":false,"underline":false}],"labels":[{"show":true,"labelStyle":"Category, percent of total","color":{"solid":{"color":{"expr":{"ThemeDataColor":{"ColorId":3,"Percent":0}}}}},"labelDisplayUnits":0,"labelPrecision":1,"percentageLabelPrecision":1,"fontSize":8,"fontFamily":"Calibri","position":"outside","overflow":true,"background":"auto"}],"slices":[{"innerRadiusRatio":60}],"title":[{"show":true,"heading":"Normal","titleWrap":true,"fontColor":{"solid":{"color":{"expr":{"ThemeDataColor":{"ColorId":3,"Percent":0}}}}},"background":{"solid":{"color":"#FFFFFF"}},"alignment":"left","fontSize":10,"fontFamily":"Calibri","bold":true,"italic":false,"underline":false}],"subTitle":[{"show":false,"heading":"Normal","fontFamily":"Segoe UI","fontSize":10,"bold":false,"italic":false,"underline":false,"fontColor":{"solid":{"color":"#605e5c"}},"alignment":"left","titleWrap":true}],"divider":[{"show":true,"color":{"solid":{"color":{"expr":{"ThemeDataColor":{"ColorId":3,"Percent":0}}}}},"style":"solid","width":1,"ignorePadding":true}],"spacing":[{"customizeSpacing":false,"verticalSpacing":5,"spaceBelowTitle":5,"spaceBelowSubTitle":5,"spaceBelowTitleArea":5}],"background":[{"show":true,"color":{"solid":{"color":"#FFFFFF"}},"transparency":0}],"lockAspect":[{"show":false}],"dropShadow":[{"show":false,"color":{"solid":{"color":"#252423"}},"position":"Outer","preset":"BottomRight","shadowSpread":3,"shadowBlur":10,"angle":45,"shadowDistance":10,"transparency":70}],"visualTooltip":[{"show":false,"type":"Canvas","fontSize":12,"fontFamily":"Segoe UI","bold":false,"italic":false,"underline":false,"transparency":5,"page":"Auto"}],"visualHeader":[{"show":true,"showVisualInformationButton":true,"showVisualWarningButton":true,"showVisualErrorButton":true,"showDrillRoleSelector":true,"showDrillUpButton":true,"showDrillToggleButton":true,"showDrillDownLevelButton":true,"showDrillDownExpandButton":true,"showPinButton":true,"showFocusModeButton":true,"showFilterRestatementButton":true,"showSeeDataLayoutToggleButton":true,"showOptionsMenu":true,"showTooltipButton":false,"showCommentButton":false,"showPersonalizeVisualButton":false,"showSmartNarrativeButton":false}],"visualHeaderTooltip":[{"titleFontColor":{"solid":{"color":"#C8C8C8"}},"fontSize":9,"fontFamily":"Segoe UI","bold":false,"italic":false,"underline":false,"background":{"solid":{"color":"#333333"}},"transparency":5}]}},"clusteredColumnChart":{"*":{"general":[{"responsive":true,"keepLayerOrder":false}],"legend":[{"show":true,"position":"Top","showTitle":true,"labelColor":{"solid":{"color":"#605E5C"}},"fontFamily":"Segoe UI","fontSize":10,"bold":false,"italic":false,"underline":false}],"categoryAxis":[{"position":"Left","show":true,"axisType":"Scalar","axisScale":"linear","invertAxis":false,"labelColor":{"solid":{"color":{"expr":{"ThemeDataColor":{"ColorId":3,"Percent":0}}}}},"fontSize":8,"fontFamily":"Calibri","bold":true,"italic":false,"underline":false,"labelDisplayUnits":0,"labelPrecision":0,"preferredCategoryWidth":20,"maxMarginFactor":25,"innerPadding":20,"concatenateLabels":false,"showAxisTitle":true,"titleColor":{"solid":{"color":"#252423"}},"titleFontSize":12,"titleFontFamily":"wf_standard-font, helvetica, arial, sans-serif","titleBold":false,"titleItalic":false,"titleUnderline":false,"gridlineShow":false,"gridlineColor":{"solid":{"color":"#F3F2F1"}},"gridlineThickness":1,"gridlineStyle":"dotted"}],"valueAxis":[{"position":"Left","gridlineShow":true,"show":true,"axisScale":"linear","invertAxis":false,"labelColor":{"solid":{"color":"#605E5C"}},"fontSize":10,"fontFamily":"Segoe UI","bold":false,"italic":false,"underline":false,"switchAxisPosition":false,"labelDisplayUnits":0,"labelPrecision":0,"showAxisTitle":true,"axisStyle":"showTitleOnly","titleColor":{"solid":{"color":"#252423"}},"titleFontSize":12,"titleFontFamily":"wf_standard-font, helvetica, arial, sans-serif","titleBold":false,"titleItalic":false,"titleUnderline":false,"gridlineColor":{"solid":{"color":"#F3F2F1"}},"gridlineThickness":1,"gridlineStyle":"dotted"}],"zoom":[{"show":false,"showOnCategoryAxis":true,"showOnValueAxis":true,"showLabels":false,"showTooltip":false}],"dataPoint":[{"showAllDataPoints":false,"fill":{"solid":{"color":"#118DFF"}}}],"labels":[{"color":{"solid":{"color":"#605E5C"}},"labelDisplayUnits":0,"labelPrecision":0,"fontSize":9,"fontFamily":"Segoe UI","bold":false,"italic":false,"underline":false,"show":false,"labelOrientation":1,"labelPosition":"Auto","labelOverflow":false,"labelDensity":50,"enableBackground":false,"backgroundColor":{"solid":{"color":"#FFFFFF"}},"backgroundTransparency":90}],"plotArea":[{"image":{"name":"","url":"","scaling":"Normal"},"transparency":0}],"title":[{"show":true,"heading":"Normal","titleWrap":true,"fontColor":{"solid":{"color":"#252423"}},"background":{"solid":{"color":"#F3F2F1"}},"alignment":"left","fontSize":14,"fontFamily":"Segoe UI","bold":false,"italic":false,"underline":false}],"subTitle":[{"show":false,"heading":"Normal","fontFamily":"Segoe UI","fontSize":10,"bold":false,"italic":false,"underline":false,"fontColor":{"solid":{"color":"#605e5c"}},"alignment":"left","titleWrap":true}],"divider":[{"show":false,"color":{"solid":{"color":"#605E5C"}},"style":"solid","width":1,"ignorePadding":true}],"spacing":[{"customizeSpacing":false,"verticalSpacing":5,"spaceBelowTitle":5,"spaceBelowSubTitle":5,"spaceBelowTitleArea":5}],"background":[{"show":false}],"lockAspect":[{"show":false}],"dropShadow":[{"show":false,"color":{"solid":{"color":"#252423"}},"position":"Outer","preset":"BottomRight","shadowSpread":3,"shadowBlur":10,"angle":45,"shadowDistance":10,"transparency":70}],"visualTooltip":[{"show":false,"type":"Canvas","fontSize":12,"fontFamily":"Segoe UI","bold":false,"italic":false,"underline":false,"transparency":5,"page":"Auto"}],"visualHeader":[{"show":true,"showVisualInformationButton":true,"showVisualWarningButton":true,"showVisualErrorButton":true,"showDrillRoleSelector":true,"showDrillUpButton":true,"showDrillToggleButton":true,"showDrillDownLevelButton":true,"showDrillDownExpandButton":true,"showPinButton":true,"showFocusModeButton":true,"showFilterRestatementButton":true,"showSeeDataLayoutToggleButton":true,"showOptionsMenu":true,"showTooltipButton":false,"showCommentButton":false,"showPersonalizeVisualButton":false,"showSmartNarrativeButton":false}],"visualHeaderTooltip":[{"titleFontColor":{"solid":{"color":"#C8C8C8"}},"fontSize":9,"fontFamily":"Segoe UI","bold":false,"italic":false,"underline":false,"background":{"solid":{"color":"#333333"}},"transparency":5}]}},"lineStackedColumnComboChart":{"*":{}},"lineClusteredColumnComboChart":{"*":{}},"areaChart":{"*":{}},"stackedAreaChart":{"*":{}}}}