{"$schema":"http://schema.management.azure.com/schemas/2015-01-01/deploymentTemplate.json#","contentVersion":"1.0.0.0","parameters":{},"variables":{},"resources":[{"name":"RunADailyLoad","type":"pipelines","apiVersion":"2018-06-01","properties":{"activities":[{"name":"Run one day to data","type":"TridentNotebook","dependsOn":[{"activity":"SetVar_DateToImport","dependencyConditions":["Completed"]}],"policy":{"timeout":"0.12:00:00","retry":0,"retryIntervalInSeconds":30,"secureOutput":false,"secureInput":false},"typeProperties":{"notebookId":"31cbd97f-b442-4110-af7a-30422057030d","workspaceId":"97588196-ee93-4a7f-9d84-e44a68725087","parameters":{"theDateToImport":{"value":{"value":"@variables('DateToImport')","type":"Expression"},"type":"string"}}}},{"name":"SetVar_DateToImport","type":"SetVariable","dependsOn":[],"policy":{"secureOutput":false,"secureInput":false},"typeProperties":{"variableName":"DateToImport","value":{"value":"@formatDateTime(addDays(utcNow(), -3), 'yyyy-MM-dd')","type":"Expression"}}}],"variables":{"DateToImport":{"type":"String"}},"lastModifiedByObjectId":"0b63b52d-0a0a-4f56-b407-87ffe6625910","lastPublishTime":"2024-12-18T09:02:03Z","logicAppsConnectionPayload":{"id":"/subscriptions/b6644f02-f90f-4d65-b09d-b774fc23cc7a/resourceGroups/connections-97588196-ee93-4a7f-9d84-e44a68725087/providers/Microsoft.Web/connections/1_27cb9221-9993-492d-b730-d4f2bf69a6c3_0b63b52d-0a0a-4f56-b407-87ffe6625910","properties":{"api":{"name":"office365","id":"/subscriptions/b6644f02-f90f-4d65-b09d-b774fc23cc7a/providers/Microsoft.Web/locations/northeurope/managedApis/office365"}}}},"dependsOn":[]}]}